{
    "deviceInfoVersion": 3,
    "data": {
        "display": "MIRAI.171896.001",
        "product": "mirai",
        "device": "mirai",
        "board": "mirai",
        "brand": "mamoe",
        "model": "mirai",
        "bootloader": "unknown",
        "fingerprint": "mamoe/mirai/mirai:10/MIRAI.200122.001/5994848:user/release-keys",
        "bootId": "C4C6F6B8-0FAC-F42D-312C-61991AEC11AD",
        "procVersion": "Linux version 3.0.31-oT7A3qRy (android-build@xxx.xxx.xxx.xxx.com)",
        "baseBand": "",
        "version": {
            "incremental": "5891938",
            "release": "10",
            "codename": "REL"
        },
        "simInfo": "T-Mobile",
        "osType": "android",
        "macAddress": "02:00:00:00:00:00",
        "wifiBSSID": "02:00:00:00:00:00",
        "wifiSSID": "<unknown ssid>",
        "imsiMd5": "1685e30578608acd6af1eb1ba82e59f0",
        "imei": "864636593091834",
        "apn": "wifi",
        "androidId": "122f574cd60fed3d"
    }
}