[
    {
        "host": "125.39.196.233",
        "port": 8080
    },
    {
        "host": "157.148.57.99",
        "port": 14000
    },
    {
        "host": "116.147.17.39",
        "port": 14000
    },
    {
        "host": "220.194.118.236",
        "port": 80
    },
    {
        "host": "157.255.5.249",
        "port": 443
    },
    {
        "host": "153.3.244.48",
        "port": 80
    },
    {
        "host": "125.39.196.233",
        "port": 80
    },
    {
        "host": "157.255.5.104",
        "port": 8080
    },
    {
        "host": "123.125.0.194",
        "port": 80
    },
    {
        "host": "msfwifi.3g.qq.com",
        "port": 8080
    }
]